symbol,name,grade,entry_yield,add_yield,heavy_yield,avg_dps_3y,enabled,updated_at
000333.SZ,美的集团,S,4.5,5.0,5.5,3.6,true,2026-08-22T10:54:24+08:00
600036.SH,招商银行,S,5.0,5.5,6.0,1.9959999999999998,true,2026-08-22T10:54:24+08:00
600066.SH,宇通客车,S,5.5,6.0,7.0,1.8333333333333333,true,2026-08-22T10:54:24+08:00
600519.SH,贵州茅台,S,4.0,4.5,5.0,51.17274333333333,true,2026-08-22T10:54:24+08:00
600900.SH,长江电力,S,3.5,4.0,4.5,0.9209999999999999,true,2026-08-22T10:54:24+08:00
600941.SH,中国移动,S,5.5,6.0,6.5,4.5946,true,2026-08-22T10:54:24+08:00
601398.SH,工商银行,S,4.5,5.0,5.5,0.30823333333333336,true,2026-08-22T10:54:24+08:00
601939.SH,建设银行,S,4.5,5.0,5.5,0.3972333333333333,true,2026-08-22T10:54:24+08:00
601988.SH,中国银行,S,4.5,5.0,5.5,0.23503333333333334,true,2026-08-22T10:54:24+08:00
000423.SZ,东阿阿胶,A,3.5,4.0,4.5,2.3031517,true,2026-08-22T10:54:24+08:00
000538.SZ,云南白药,A,4.5,5.0,5.5,2.359,true,2026-08-22T10:54:24+08:00
000568.SZ,泸州老窖,A,6.0,6.5,7.0,5.708359333333333,true,2026-08-22T10:54:24+08:00
000651.SZ,格力电器,A,6.0,6.5,7.0,2.793333333333333,true,2026-08-22T10:54:24+08:00
000858.SZ,五粮液,A,5.0,6.0,7.0,5.190895066666666,true,2026-08-22T10:54:24+08:00
000895.SZ,双汇发展,A,6.0,6.5,7.0,1.4366666666666668,true,2026-08-22T10:54:24+08:00
000921.SZ,海信家电,A,5.0,6.0,7.0,1.1693333333333333,true,2026-08-22T10:54:24+08:00
001286.SZ,陕西能源,A,5.5,6.5,7.5,0.3933333333333333,true,2026-08-22T10:54:24+08:00
002014.SZ,永新股份,A,5.0,5.5,6.0,0.5733333333333334,true,2026-08-22T10:54:24+08:00
002027.SZ,分众传媒,A,5.0,6.0,7.0,0.3333333333333333,true,2026-08-22T10:54:24+08:00
002032.SZ,苏泊尔,A,4.0,4.5,5.0,2.723333333333333,true,2026-08-22T10:54:24+08:00
002128.SZ,电投能源,A,5.5,6.5,7.5,0.9433333333333334,true,2026-08-22T10:54:24+08:00
002867.SZ,周大生,A,6.0,7.0,8.0,0.9333333333333332,true,2026-08-22T10:54:24+08:00
003816.SZ,中国广核,A,3.0,3.5,4.0,0.09166666666666667,true,2026-08-22T10:54:24+08:00
300628.SZ,亿联网络,A,3.5,4.0,4.5,1.7,true,2026-08-22T10:54:24+08:00
600007.SH,中国国贸,A,4.0,4.5,5.0,0.9900000000000001,true,2026-08-22T10:54:24+08:00
600025.SH,华能水电,A,3.0,3.5,4.0,0.19499999999999998,true,2026-08-22T10:54:24+08:00
600028.SH,中国石化,A,6.0,7.0,8.0,0.27699999999999997,true,2026-08-22T10:54:24+08:00
600236.SH,桂冠电力,A,4.0,4.5,5.0,0.23266666666666666,true,2026-08-22T10:54:24+08:00
600285.SH,羚锐制药,A,4.0,4.5,5.0,0.9333333333333335,true,2026-08-22T10:54:24+08:00
600350.SH,山东高速,A,5.0,5.5,6.0,0.42,true,2026-08-22T10:54:24+08:00
600377.SH,宁沪高速,A,4.5,5.0,5.5,0.48333333333333334,true,2026-08-22T10:54:24+08:00
600436.SH,片仔癀,A,2.5,3.0,3.5,2.7533333333333334,true,2026-08-22T10:54:24+08:00
600461.SH,洪城环境,A,5.0,5.5,6.0,0.61291,true,2026-08-22T10:54:24+08:00
600642.SH,申能股份,A,5.0,5.5,6.0,0.4366666666666667,true,2026-08-22T10:54:24+08:00
600674.SH,川投能源,A,3.5,4.0,4.5,0.43333333333333335,true,2026-08-22T10:54:24+08:00
600750.SH,华润江中,A,4.5,5.0,5.5,1.2933333333333332,true,2026-08-22T10:54:24+08:00
600886.SH,国投电力,A,4.0,4.5,5.0,0.48646666666666666,true,2026-08-22T10:54:24+08:00
600887.SH,伊利股份,A,4.5,5.0,5.5,1.2666666666666666,true,2026-08-22T10:54:24+08:00
600901.SH,江苏金租,A,5.0,5.5,6.0,0.34,true,2026-08-22T10:54:24+08:00
600919.SH,江苏银行,A,4.5,5.0,5.5,0.5182333333333333,true,2026-08-22T10:54:24+08:00
600938.SH,中国海油,A,6.0,7.0,8.0,1.1893266666666666,true,2026-08-22T10:54:24+08:00
600970.SH,中材国际,A,5.0,5.5,6.5,0.6033333333333334,true,2026-08-22T10:54:24+08:00
601009.SH,南京银行,A,4.5,5.0,5.5,0.53714,true,2026-08-22T10:54:24+08:00
601088.SH,中国神华,A,6.0,7.0,8.0,2.1766666666666663,true,2026-08-22T10:54:24+08:00
601166.SH,兴业银行,A,6.0,6.5,7.0,1.0553333333333332,true,2026-08-22T10:54:24+08:00
601288.SH,农业银行,A,4.5,5.0,5.5,0.24076666666666666,true,2026-08-22T10:54:24+08:00
601318.SH,中国平安,A,5.0,5.5,6.0,2.56,true,2026-08-22T10:54:24+08:00
601328.SH,交通银行,A,5.5,6.0,6.5,0.35956666666666665,true,2026-08-22T10:54:24+08:00
601658.SH,邮储银行,A,4.5,5.0,5.5,0.24696666666666667,true,2026-08-22T10:54:24+08:00
601728.SH,中国电信,A,4.5,5.0,5.5,0.255,true,2026-08-22T10:54:24+08:00
601838.SH,成都银行,A,4.5,5.0,5.5,0.9029333333333334,true,2026-08-22T10:54:24+08:00
601857.SH,中国石油,A,5.5,6.5,7.5,0.45999999999999996,true,2026-08-22T10:54:24+08:00
601985.SH,中国核电,A,3.0,3.5,4.0,0.18499999999999997,true,2026-08-22T10:54:24+08:00
601998.SH,中信银行,A,5.5,6.0,6.5,0.3539333333333334,true,2026-08-22T10:54:24+08:00
000791.SZ,甘肃能源,B,4.5,5.0,5.5,0.17333333333333334,true,2026-08-22T10:54:24+08:00
002582.SZ,好想你,B,7.0,8.0,9.0,0.8666666666666666,true,2026-08-22T10:54:24+08:00
600000.SH,浦发银行,B,6.0,7.0,8.0,0.38366666666666666,true,2026-08-22T10:54:24+08:00
600050.SH,中国联通,B,4.0,4.5,5.0,0.15116666666666667,true,2026-08-22T10:54:24+08:00
600398.SH,海澜之家,B,6.0,7.0,8.0,0.46,true,2026-08-22T10:54:24+08:00
601919.SH,中远海控,B,7.0,9.0,11.0,1.0966666666666667,true,2026-08-22T10:54:24+08:00
002372.SZ,伟星新材,A,5.5,6.0,6.5,0.6166666666666667,false,2026-08-22T10:54:24+08:00
600085.SH,同仁堂,,,,,0.6666666666666666,false,2026-08-22T10:54:24+08:00
603508.SH,思维列控,,,,,1.6064433333333332,false,2026-08-22T10:54:24+08:00
